{
  "n_chunks": 1920,
  "dx_cm": {
    "mean": 2.6047366533001575,
    "p50": 3.3307793140411377,
    "p95": 3.3333334922790527,
    "max": 3.3333334922790527
  },
  "dtheta_deg": {
    "mean_abs": 2.2456381500834444,
    "p95": 7.169755768775939
  },
  "pixel_change_pct": {
    "mean": 5.367948383123925,
    "p50": 4.47593355178833,
    "p95": 10.770504999160766
  },
  "latent_l2": {
    "mean": 34.432601688110545,
    "p50": 32.780006408691406,
    "p95": 49.270894813537595
  },
  "corr_absdx_latentL2": 0.03499268933696193,
  "corr_absdth_latentL2": 0.7009693863530227,
  "frame_interval": 10,
  "chunk_ms": 333.3333333333333
}