{
  "n_chunks": 1920,
  "dx_cm": {
    "mean": 3.8891215873571734,
    "p50": 4.989431381225586,
    "p95": 5.000000476837158,
    "max": 5.000000476837158
  },
  "dtheta_deg": {
    "mean_abs": 3.3483870165791205,
    "p95": 10.551326847076412
  },
  "pixel_change_pct": {
    "mean": 6.868885253611855,
    "p50": 5.699922323226929,
    "p95": 13.40563287734985
  },
  "latent_l2": {
    "mean": 38.5112249547863,
    "p50": 37.09221649169922,
    "p95": 52.14838066101074
  },
  "corr_absdx_latentL2": 0.024110039048996647,
  "corr_absdth_latentL2": 0.697060722105329,
  "frame_interval": 15,
  "chunk_ms": 500.0
}