{
  "n_chunks": 1920,
  "dx_cm": {
    "mean": 5.323866083527294,
    "p50": 6.653249740600586,
    "p95": 6.6666669845581055,
    "max": 6.6666669845581055
  },
  "dtheta_deg": {
    "mean_abs": 4.480664270052997,
    "p95": 14.024632453918457
  },
  "pixel_change_pct": {
    "mean": 7.970684802873681,
    "p50": 6.573550224304199,
    "p95": 15.552302646636962
  },
  "latent_l2": {
    "mean": 41.24339122464978,
    "p50": 39.79342079162598,
    "p95": 55.031484794616695
  },
  "corr_absdx_latentL2": -0.040734082007974924,
  "corr_absdth_latentL2": 0.6990261794300877,
  "frame_interval": 20,
  "chunk_ms": 666.6666666666666
}