{
  "n_chunks": 1920,
  "dx_cm": {
    "mean": 1.2890430790663232,
    "p50": 1.6663472652435303,
    "p95": 1.6666667461395264,
    "max": 1.6666667461395264
  },
  "dtheta_deg": {
    "mean_abs": 1.051913432381116,
    "p95": 3.4709229350090025
  },
  "pixel_change_pct": {
    "mean": 3.410187584888869,
    "p50": 2.996854543685913,
    "p95": 7.107789611816406
  },
  "latent_l2": {
    "mean": 26.70721021155623,
    "p50": 25.862323760986328,
    "p95": 42.550794792175296
  },
  "corr_absdx_latentL2": -0.02793378544075215,
  "corr_absdth_latentL2": 0.63678130816751,
  "frame_interval": 5,
  "chunk_ms": 166.66666666666666
}