{
  "n_chunks": 1920,
  "dx_cm": {
    "mean": 2.050786638042579,
    "p50": 2.6651430130004883,
    "p95": 2.6666669845581055,
    "max": 2.6666669845581055
  },
  "dtheta_deg": {
    "mean_abs": 1.7542543819271184,
    "p95": 5.556236267089844
  },
  "pixel_change_pct": {
    "mean": 4.654993297842641,
    "p50": 4.091849327087402,
    "p95": 9.389669942855834
  },
  "latent_l2": {
    "mean": 31.80560157009895,
    "p50": 30.772881507873535,
    "p95": 46.7464557647705
  },
  "corr_absdx_latentL2": -0.008514362762984132,
  "corr_absdth_latentL2": 0.6760567347796139,
  "frame_interval": 8,
  "chunk_ms": 266.6666666666667
}